{"cameraMode":{"drawMode":0,"name":"Shaded","section":"Shading Mode"},"sceneLighting":false,"audioPlay":false,"sceneViewState":{"m_AlwaysRefresh":false,"showFog":true,"showSkybox":false,"showFlares":true,"showImageEffects":true,"showParticleSystems":true,"showVisualEffectGraphs":true,"m_FxEnabled":true},"in2DMode":false,"pivot":{"x":0.19338655471801759,"y":-8.155648231506348,"z":-33.655494689941409},"rotation":{"x":-0.015211482532322407,"y":0.985654890537262,"z":-0.17589065432548524,"w":-0.01714247837662697},"size":35.70713806152344,"orthographic":false}