{"cameraMode":{"drawMode":0,"name":"Shaded","section":"Shading Mode"},"sceneLighting":false,"audioPlay":false,"sceneViewState":{"m_AlwaysRefresh":false,"showFog":true,"showSkybox":false,"showFlares":true,"showImageEffects":true,"showParticleSystems":true,"showVisualEffectGraphs":true,"m_FxEnabled":true},"in2DMode":false,"pivot":{"x":0.4581216275691986,"y":2.2193307876586916,"z":-0.15673021972179414},"rotation":{"x":0.018092099577188493,"y":-0.7323834896087647,"z":-0.019622642546892167,"w":-0.6805315017700195},"size":2.2448930740356447,"orthographic":false}