{"cameraMode":{"drawMode":0,"name":"Shaded","section":"Shading Mode"},"sceneLighting":false,"audioPlay":false,"sceneViewState":{"m_AlwaysRefresh":false,"showFog":true,"showSkybox":false,"showFlares":true,"showImageEffects":true,"showParticleSystems":true,"showVisualEffectGraphs":true,"m_FxEnabled":true},"in2DMode":false,"pivot":{"x":0.04212930426001549,"y":2.938124418258667,"z":0.24096880853176118},"rotation":{"x":-0.03731945902109146,"y":0.053176142275333408,"z":-0.0018726227572187782,"w":-0.999332070350647},"size":2.2273852825164797,"orthographic":false}