{"cameraMode":{"drawMode":0,"name":"Shaded","section":"Shading Mode"},"sceneLighting":true,"audioPlay":false,"sceneViewState":{"m_AlwaysRefresh":false,"showFog":true,"showSkybox":true,"showFlares":true,"showImageEffects":true,"showParticleSystems":true,"showVisualEffectGraphs":true,"m_FxEnabled":true},"in2DMode":false,"pivot":{"x":-6.81598424911499,"y":28.479896545410158,"z":-75.71656036376953},"rotation":{"x":0.17156392335891725,"y":-0.002823284827172756,"z":0.0004764616896864027,"w":0.9852826595306397},"size":27.737686157226564,"orthographic":false}