{"cameraMode":{"drawMode":0,"name":"Shaded","section":"Shading Mode"},"sceneLighting":true,"audioPlay":false,"sceneViewState":{"m_AlwaysRefresh":false,"showFog":true,"showSkybox":true,"showFlares":true,"showImageEffects":true,"showParticleSystems":true,"showVisualEffectGraphs":true,"m_FxEnabled":true},"in2DMode":false,"pivot":{"x":68.67160034179688,"y":7.4211883544921879,"z":-55.198673248291019},"rotation":{"x":0.2633233964443207,"y":0.6785566806793213,"z":-0.29288992285728457,"w":0.6219347715377808},"size":37.415225982666019,"orthographic":false}