{"cameraMode":{"drawMode":0,"name":"Shaded","section":"Shading Mode"},"sceneLighting":true,"audioPlay":false,"sceneViewState":{"m_AlwaysRefresh":false,"showFog":true,"showSkybox":true,"showFlares":true,"showImageEffects":true,"showParticleSystems":true,"showVisualEffectGraphs":true,"m_FxEnabled":true},"in2DMode":false,"pivot":{"x":-18.569643020629884,"y":9.167510986328125,"z":3.566990613937378},"rotation":{"x":0.09564413875341416,"y":0.11420448869466782,"z":-0.010949814692139626,"w":0.9889939427375794},"size":0.982938826084137,"orthographic":false}