{"cameraMode":{"drawMode":0,"name":"Shaded","section":"Shading Mode"},"sceneLighting":true,"audioPlay":false,"sceneViewState":{"m_AlwaysRefresh":false,"showFog":true,"showSkybox":true,"showFlares":true,"showImageEffects":true,"showParticleSystems":true,"showVisualEffectGraphs":true,"m_FxEnabled":true},"in2DMode":false,"pivot":{"x":274.8786315917969,"y":249.0509033203125,"z":24.039918899536134},"rotation":{"x":-0.031305231153964999,"y":0.0024066756013780834,"z":-0.00010352011304348707,"w":-0.9995416402816773},"size":48.47807693481445,"orthographic":false}