{"cameraMode":{"drawMode":0,"name":"Shaded","section":"Shading Mode"},"sceneLighting":true,"audioPlay":false,"sceneViewState":{"m_AlwaysRefresh":false,"showFog":true,"showSkybox":true,"showFlares":true,"showImageEffects":true,"showParticleSystems":true,"showVisualEffectGraphs":true,"m_FxEnabled":true},"in2DMode":false,"pivot":{"x":-840.1459350585938,"y":30.94275665283203,"z":236.6801300048828},"rotation":{"x":0.5394496917724609,"y":0.002763268304988742,"z":-0.0014211500529199839,"w":0.8421366810798645},"size":41.67930603027344,"orthographic":false}