{"cameraMode":{"drawMode":0,"name":"Shaded","section":"Shading Mode"},"sceneLighting":true,"audioPlay":false,"sceneViewState":{"m_AlwaysRefresh":false,"showFog":true,"showSkybox":true,"showFlares":true,"showImageEffects":true,"showParticleSystems":true,"showVisualEffectGraphs":true,"m_FxEnabled":true},"in2DMode":false,"pivot":{"x":-817.174072265625,"y":10.353825569152832,"z":180.56112670898438},"rotation":{"x":-0.13239286839962007,"y":0.022939855232834817,"z":-0.004359239246696234,"w":-0.9912120699882507},"size":0.4102354347705841,"orthographic":false}