{"cameraMode":{"drawMode":0,"name":"Shaded","section":"Shading Mode"},"sceneLighting":true,"audioPlay":false,"sceneViewState":{"m_AlwaysRefresh":false,"showFog":true,"showSkybox":true,"showFlares":true,"showImageEffects":true,"showParticleSystems":true,"showVisualEffectGraphs":true,"m_FxEnabled":true},"in2DMode":false,"pivot":{"x":1425.7508544921875,"y":455.9141540527344,"z":-828.8026733398438},"rotation":{"x":-0.04168551042675972,"y":-0.08908804506063461,"z":-0.013386590406298638,"w":0.9966387748718262},"size":82.69721984863281,"orthographic":false}