{"cameraMode":{"drawMode":0,"name":"Shaded","section":"Shading Mode"},"sceneLighting":true,"audioPlay":false,"sceneViewState":{"m_AlwaysRefresh":false,"showFog":true,"showSkybox":true,"showFlares":true,"showImageEffects":true,"showParticleSystems":true,"showVisualEffectGraphs":true,"m_FxEnabled":true},"in2DMode":false,"pivot":{"x":-22.06477928161621,"y":10.937053680419922,"z":-50.972415924072269},"rotation":{"x":-0.007717038970440626,"y":0.9866248369216919,"z":-0.049193959683179858,"w":-0.1558772325515747},"size":5.705648899078369,"orthographic":false}