{"cameraMode":{"drawMode":0,"name":"Shaded","section":"Shading Mode"},"sceneLighting":false,"audioPlay":false,"sceneViewState":{"m_AlwaysRefresh":false,"showFog":true,"showSkybox":false,"showFlares":true,"showImageEffects":true,"showParticleSystems":true,"showVisualEffectGraphs":true,"m_FxEnabled":true},"in2DMode":false,"pivot":{"x":0.5413832664489746,"y":-0.18016576766967774,"z":3.93226957321167},"rotation":{"x":0.009759977459907532,"y":0.9696436524391174,"z":-0.24439294636249543,"w":0.0469185970723629},"size":7.953307151794434,"orthographic":false}